id,title,description,completed,userId
37a80d33-5d72-4923-ac58-200a51feadae,Todo 1,Description for Todo 1,False,e469436a-78c6-49cd-bda6-ed95071dc934
8f4b6620-393c-495f-b56d-bb52dc1ac08f,Todo 2,Description for Todo 2,True,e469436a-78c6-49cd-bda6-ed95071dc934
8486c14b-703c-4d0a-a9f0-21c817e21498,Todo 3,Description for Todo 3,False,e469436a-78c6-49cd-bda6-ed95071dc934
2e8829dd-835c-4c40-a5d6-0108ed6c36af,Todo 4,Description for Todo 4,True,e469436a-78c6-49cd-bda6-ed95071dc934
246d7b98-3b7d-47c3-a616-02ecd188ba34,Todo 5,Description for Todo 5,True,e469436a-78c6-49cd-bda6-ed95071dc934
6ddb5cf8-94f9-4645-a7a9-b4caaf3ae4c4,Todo 6,Description for Todo 6,False,e469436a-78c6-49cd-bda6-ed95071dc934
e1247fb6-33a1-4b6f-806a-d24336a137ca,Todo 7,Description for Todo 7,True,e469436a-78c6-49cd-bda6-ed95071dc934
ff61ae8e-5161-46ae-a9eb-9b06534809e3,Todo 8,Description for Todo 8,False,e469436a-78c6-49cd-bda6-ed95071dc934
f8fe3ba7-a182-4e4d-ab25-96d5d2e5026a,Todo 9,Description for Todo 9,True,e469436a-78c6-49cd-bda6-ed95071dc934
c8f1c1dd-b501-46be-a9dd-8002a7c6f3b3,Todo 10,Description for Todo 10,False,e469436a-78c6-49cd-bda6-ed95071dc934
61f32f47-c68c-460d-91c8-0e7b97069364,Todo 11,Description for Todo 11,True,e469436a-78c6-49cd-bda6-ed95071dc934
8e1f57d7-be14-4d62-8dce-17c8e4144ebf,Todo 12,Description for Todo 12,True,e469436a-78c6-49cd-bda6-ed95071dc934
ae004eaa-4817-4d28-88de-0e6c7bc7c411,Todo 13,Description for Todo 13,False,e469436a-78c6-49cd-bda6-ed95071dc934
4a506f24-0179-4291-810a-f197ce25a259,Todo 14,Description for Todo 14,False,e469436a-78c6-49cd-bda6-ed95071dc934
7b95816e-7e14-46d0-9a57-09d00b199f23,Todo 15,Description for Todo 15,True,e469436a-78c6-49cd-bda6-ed95071dc934
697f2839-15db-484b-a7af-efc52be3761b,Todo 16,Description for Todo 16,True,e469436a-78c6-49cd-bda6-ed95071dc934
9c9ec424-cee3-4db6-a7b3-d68d5061f3e7,Todo 17,Description for Todo 17,True,e469436a-78c6-49cd-bda6-ed95071dc934
115f1823-643a-4666-9819-e109d2f1b49f,Todo 18,Description for Todo 18,True,e469436a-78c6-49cd-bda6-ed95071dc934
1a91dd4c-242a-4af8-85e6-50b41cecd163,Todo 19,Description for Todo 19,True,e469436a-78c6-49cd-bda6-ed95071dc934
35e33d76-1ba5-4039-b158-b31e9d649362,Todo 20,Description for Todo 20,True,e469436a-78c6-49cd-bda6-ed95071dc934
7342a1a6-e593-4bab-8083-eb66316a473a,Todo 21,Description for Todo 21,False,e469436a-78c6-49cd-bda6-ed95071dc934
ff4b9694-92b0-4fd5-a10a-173bc49166f9,Todo 22,Description for Todo 22,False,e469436a-78c6-49cd-bda6-ed95071dc934
e35966f2-04fc-4b3b-904d-c4b3e2f246b7,Todo 23,Description for Todo 23,False,e469436a-78c6-49cd-bda6-ed95071dc934
310e2689-f8e2-4d22-a53a-4c038b9aa13e,Todo 24,Description for Todo 24,True,e469436a-78c6-49cd-bda6-ed95071dc934
250addeb-7292-4b27-8e7c-38e99f43420c,Todo 25,Description for Todo 25,True,e469436a-78c6-49cd-bda6-ed95071dc934
d5677970-3101-482d-ba94-66d7d067d15e,Todo 26,Description for Todo 26,True,e469436a-78c6-49cd-bda6-ed95071dc934
dd270d73-603e-4103-8917-0450df023628,Todo 27,Description for Todo 27,False,e469436a-78c6-49cd-bda6-ed95071dc934
cc53d5a9-b9a7-42ac-a408-7ddc1b31281b,Todo 28,Description for Todo 28,True,e469436a-78c6-49cd-bda6-ed95071dc934
e2410118-b2ab-4265-8c26-cac501ce604e,Todo 29,Description for Todo 29,True,e469436a-78c6-49cd-bda6-ed95071dc934
24f69717-29b0-450f-ac15-01c845953457,Todo 30,Description for Todo 30,False,e469436a-78c6-49cd-bda6-ed95071dc934
bae6cd7a-e3dd-4e4a-9dd8-3134ef8b44f1,Todo 31,Description for Todo 31,True,e469436a-78c6-49cd-bda6-ed95071dc934
69cc7d85-ccfb-4d6e-b115-a1ebabbebbb6,Todo 32,Description for Todo 32,True,e469436a-78c6-49cd-bda6-ed95071dc934
b265f439-50fb-4bf3-ae4e-d1b6efafff1b,Todo 33,Description for Todo 33,False,e469436a-78c6-49cd-bda6-ed95071dc934
eb23ea88-f64d-438e-afa2-2fe38562ad40,Todo 34,Description for Todo 34,False,e469436a-78c6-49cd-bda6-ed95071dc934
91e834d5-d8c1-4476-9605-2524c5e401e6,Todo 35,Description for Todo 35,False,e469436a-78c6-49cd-bda6-ed95071dc934
48cda017-c443-49c3-8cd9-4438c205cf23,Todo 36,Description for Todo 36,True,e469436a-78c6-49cd-bda6-ed95071dc934
31b7de1c-b33a-403b-9f0e-4f5513cba7e6,Todo 37,Description for Todo 37,True,e469436a-78c6-49cd-bda6-ed95071dc934
d94d2f3b-666f-4737-a81a-f5f37261312a,Todo 38,Description for Todo 38,True,e469436a-78c6-49cd-bda6-ed95071dc934
008f7d7f-6fcc-4148-b13b-239527765676,Todo 39,Description for Todo 39,False,e469436a-78c6-49cd-bda6-ed95071dc934
96929fc2-f9bf-495b-872e-f862989af4ad,Todo 40,Description for Todo 40,True,e469436a-78c6-49cd-bda6-ed95071dc934
19008a4c-41be-47ae-b1dc-f86cdbf19c41,Todo 41,Description for Todo 41,True,e469436a-78c6-49cd-bda6-ed95071dc934
b2791041-96b3-4cfd-af7a-e423255e2f91,Todo 42,Description for Todo 42,True,e469436a-78c6-49cd-bda6-ed95071dc934
1039167c-e244-4ff5-87fc-c977aeee391c,Todo 43,Description for Todo 43,True,e469436a-78c6-49cd-bda6-ed95071dc934
e32cd7e6-db48-4966-9ce3-d1b305f90276,Todo 44,Description for Todo 44,True,e469436a-78c6-49cd-bda6-ed95071dc934
9d8263fa-499e-425c-85f2-4a3c75370233,Todo 45,Description for Todo 45,False,e469436a-78c6-49cd-bda6-ed95071dc934
12cdfcb6-4d3a-4410-8dd5-64c19d116173,Todo 46,Description for Todo 46,False,e469436a-78c6-49cd-bda6-ed95071dc934
4ae5e35e-81bd-43ed-b224-1ca57916c8af,Todo 47,Description for Todo 47,True,e469436a-78c6-49cd-bda6-ed95071dc934
c6580706-7bf1-402f-8701-7de4eb4720f0,Todo 48,Description for Todo 48,True,e469436a-78c6-49cd-bda6-ed95071dc934
c2711a85-32cd-40be-8386-f38a3e65c7be,Todo 49,Description for Todo 49,True,e469436a-78c6-49cd-bda6-ed95071dc934
32563a93-cf8e-4cba-849a-0f4ccb3635ff,Todo 50,Description for Todo 50,False,e469436a-78c6-49cd-bda6-ed95071dc934
015071b8-120e-476e-8a96-263d02faf800,Todo 51,Description for Todo 51,True,e469436a-78c6-49cd-bda6-ed95071dc934
862ece24-7e4f-4377-8d10-7d4bffa756e8,Todo 52,Description for Todo 52,False,e469436a-78c6-49cd-bda6-ed95071dc934
6d4b9903-4bb5-4153-838d-ef1e499201ba,Todo 53,Description for Todo 53,False,e469436a-78c6-49cd-bda6-ed95071dc934
571a0494-685f-4e89-865c-e2c151c2923c,Todo 54,Description for Todo 54,False,e469436a-78c6-49cd-bda6-ed95071dc934
1545d2f1-4845-4f0d-8f20-a4dabc812b43,Todo 55,Description for Todo 55,False,e469436a-78c6-49cd-bda6-ed95071dc934
9dbec5f9-8f04-489f-985a-87a24e71ad88,Todo 56,Description for Todo 56,True,e469436a-78c6-49cd-bda6-ed95071dc934
e4979ba2-ee0b-492a-b3b1-60acae6bfd80,Todo 57,Description for Todo 57,True,e469436a-78c6-49cd-bda6-ed95071dc934
8f4b49bf-7f80-4e83-ba26-bbffdf601322,Todo 58,Description for Todo 58,False,e469436a-78c6-49cd-bda6-ed95071dc934
7d09af2d-924b-49cf-8619-401fec307c05,Todo 59,Description for Todo 59,False,e469436a-78c6-49cd-bda6-ed95071dc934
8d77f200-b11c-4ed6-a340-96b37816076d,Todo 60,Description for Todo 60,False,e469436a-78c6-49cd-bda6-ed95071dc934
4eed8742-714e-4459-9d2e-0466e8a47942,Todo 61,Description for Todo 61,True,e469436a-78c6-49cd-bda6-ed95071dc934
4044543b-4f1f-45fa-a6ad-c6e0e94b0c84,Todo 62,Description for Todo 62,True,e469436a-78c6-49cd-bda6-ed95071dc934
00941d18-4979-4e62-8c2b-8867ec9fcc1f,Todo 63,Description for Todo 63,True,e469436a-78c6-49cd-bda6-ed95071dc934
f8be9c8a-b60b-4f48-99c5-7e171af170b2,Todo 64,Description for Todo 64,False,e469436a-78c6-49cd-bda6-ed95071dc934
a2281292-168a-45ff-b96e-d278eea2f46e,Todo 65,Description for Todo 65,False,e469436a-78c6-49cd-bda6-ed95071dc934
b18da949-32e2-48fb-bdd4-8f28f31332cf,Todo 66,Description for Todo 66,True,e469436a-78c6-49cd-bda6-ed95071dc934
83cf33af-bd77-4c23-8ad3-c807b1d8d8f2,Todo 67,Description for Todo 67,True,e469436a-78c6-49cd-bda6-ed95071dc934
09768034-b327-438a-8fec-33db4bae9bdb,Todo 68,Description for Todo 68,True,e469436a-78c6-49cd-bda6-ed95071dc934
fb2738b2-c7bd-456c-98d8-f39d9f6c9d8f,Todo 69,Description for Todo 69,True,e469436a-78c6-49cd-bda6-ed95071dc934
7529824a-72ae-4f3d-b6a6-3fa0ca3df66c,Todo 70,Description for Todo 70,True,e469436a-78c6-49cd-bda6-ed95071dc934
223352a8-0f97-4a8b-9399-eb9ed877297d,Todo 71,Description for Todo 71,False,e469436a-78c6-49cd-bda6-ed95071dc934
b5979538-c54f-47db-a380-3c87410d9eae,Todo 72,Description for Todo 72,True,e469436a-78c6-49cd-bda6-ed95071dc934
d149f788-a6f4-4afb-b030-ee33118c98b7,Todo 73,Description for Todo 73,False,e469436a-78c6-49cd-bda6-ed95071dc934
6095f456-f390-4dc4-a5b2-93fe05b2c59e,Todo 74,Description for Todo 74,False,e469436a-78c6-49cd-bda6-ed95071dc934
c75b4f85-b938-4963-92a3-f87d91dc26eb,Todo 75,Description for Todo 75,False,e469436a-78c6-49cd-bda6-ed95071dc934
303bd583-d50c-4f52-8072-ea9da43f05d7,Todo 76,Description for Todo 76,False,e469436a-78c6-49cd-bda6-ed95071dc934
0aaafaaf-7b27-4990-b665-b070417ce3a2,Todo 77,Description for Todo 77,False,e469436a-78c6-49cd-bda6-ed95071dc934
114de9db-6a07-409a-93e6-c61e99cd1fbf,Todo 78,Description for Todo 78,False,e469436a-78c6-49cd-bda6-ed95071dc934
48d97e57-547a-4fae-bf79-060424b3c09c,Todo 79,Description for Todo 79,True,e469436a-78c6-49cd-bda6-ed95071dc934
f08180b8-97b0-4912-a72e-8b14ad515f65,Todo 80,Description for Todo 80,True,e469436a-78c6-49cd-bda6-ed95071dc934
c800d4e0-ec5c-4e87-bfad-27f7812439d2,Todo 81,Description for Todo 81,True,e469436a-78c6-49cd-bda6-ed95071dc934
bba0b96d-b5bb-4e35-9d87-25a4480a68d8,Todo 82,Description for Todo 82,True,e469436a-78c6-49cd-bda6-ed95071dc934
27d77323-b2e2-474e-95e0-6022089af37c,Todo 83,Description for Todo 83,False,e469436a-78c6-49cd-bda6-ed95071dc934
bb2d9d0a-bb3c-4191-8b16-ecdc649e0cba,Todo 84,Description for Todo 84,True,e469436a-78c6-49cd-bda6-ed95071dc934
0a8bb531-6ead-4889-b3cc-66a11e6487a4,Todo 85,Description for Todo 85,False,e469436a-78c6-49cd-bda6-ed95071dc934
c1fa4f6d-fe35-480a-892c-6e5dffff65d3,Todo 86,Description for Todo 86,False,e469436a-78c6-49cd-bda6-ed95071dc934
d33f6e96-e50f-4898-9f15-7aaa892f687f,Todo 87,Description for Todo 87,True,e469436a-78c6-49cd-bda6-ed95071dc934
c2d0adc7-62af-45c2-9eb3-150932b4bc67,Todo 88,Description for Todo 88,False,e469436a-78c6-49cd-bda6-ed95071dc934
19a04dd6-2c98-44aa-8eaa-5343b1557d7c,Todo 89,Description for Todo 89,True,e469436a-78c6-49cd-bda6-ed95071dc934
34d0db2e-1136-4ba0-b66a-3919ea1dbd80,Todo 90,Description for Todo 90,False,e469436a-78c6-49cd-bda6-ed95071dc934
96408a4a-8304-49e3-bf0d-20cd6a37425e,Todo 91,Description for Todo 91,False,e469436a-78c6-49cd-bda6-ed95071dc934
56f53f6d-def6-494b-ac2e-cc720ea11b86,Todo 92,Description for Todo 92,True,e469436a-78c6-49cd-bda6-ed95071dc934
cf6b54cd-830f-46fb-95f4-c38e1f49a5be,Todo 93,Description for Todo 93,True,e469436a-78c6-49cd-bda6-ed95071dc934
797c8899-6ad3-4725-904f-5819a08a2912,Todo 94,Description for Todo 94,True,e469436a-78c6-49cd-bda6-ed95071dc934
de976a4c-3356-419a-9275-7da083d09fc2,Todo 95,Description for Todo 95,True,e469436a-78c6-49cd-bda6-ed95071dc934
4ad472e0-c342-420e-b116-5dd5dbb5e6a5,Todo 96,Description for Todo 96,False,e469436a-78c6-49cd-bda6-ed95071dc934
5321132b-b823-48a4-beba-706a1f5f6458,Todo 97,Description for Todo 97,False,e469436a-78c6-49cd-bda6-ed95071dc934
5f42cb64-05bf-4d33-ad0e-913c3682572a,Todo 98,Description for Todo 98,False,e469436a-78c6-49cd-bda6-ed95071dc934
b397fb94-b90a-427a-aa36-3d1d70424714,Todo 99,Description for Todo 99,False,e469436a-78c6-49cd-bda6-ed95071dc934
79831397-91fe-4b33-b7cf-58b3eba1386a,Todo 100,Description for Todo 100,False,e469436a-78c6-49cd-bda6-ed95071dc934
c40ee68e-d07a-4c9b-bd14-2abbecb4f2cb,Todo 101,Description for Todo 101,True,e469436a-78c6-49cd-bda6-ed95071dc934
f97dd65b-b11c-4ddc-b622-0c7c445ec75c,Todo 102,Description for Todo 102,False,e469436a-78c6-49cd-bda6-ed95071dc934
63287938-192a-4ef7-a9b4-682157e18110,Todo 103,Description for Todo 103,False,e469436a-78c6-49cd-bda6-ed95071dc934
12e528f8-eeec-4948-810c-9dcff88c9170,Todo 104,Description for Todo 104,True,e469436a-78c6-49cd-bda6-ed95071dc934
3d3f1926-ab42-4817-a006-36bcd569425f,Todo 105,Description for Todo 105,False,e469436a-78c6-49cd-bda6-ed95071dc934
2fec275c-4bad-411a-838d-23a384cfd57f,Todo 106,Description for Todo 106,True,e469436a-78c6-49cd-bda6-ed95071dc934
5c06403a-4dc7-41ae-8394-c0feec96a9d8,Todo 107,Description for Todo 107,True,e469436a-78c6-49cd-bda6-ed95071dc934
178de7e4-ebd1-44d9-bcf9-44558801003f,Todo 108,Description for Todo 108,True,e469436a-78c6-49cd-bda6-ed95071dc934
b5b42499-c003-4808-b588-3fde9b53e7b1,Todo 109,Description for Todo 109,True,e469436a-78c6-49cd-bda6-ed95071dc934
2772fd13-10c1-4078-9bb3-0d34e8f4bfb2,Todo 110,Description for Todo 110,True,e469436a-78c6-49cd-bda6-ed95071dc934
749f3b06-50e0-41d5-b56d-44bcb26be2b1,Todo 111,Description for Todo 111,False,e469436a-78c6-49cd-bda6-ed95071dc934
486ec798-a3a1-4bd9-925f-9c781d859a0e,Todo 112,Description for Todo 112,False,e469436a-78c6-49cd-bda6-ed95071dc934
8c8e423a-0a55-483f-be6c-ffa9c089187c,Todo 113,Description for Todo 113,False,e469436a-78c6-49cd-bda6-ed95071dc934
4654b7f3-5fe7-4e90-96df-bc359ef852db,Todo 114,Description for Todo 114,True,e469436a-78c6-49cd-bda6-ed95071dc934
89792716-67cd-42aa-98c9-96a32bd5aee8,Todo 115,Description for Todo 115,True,e469436a-78c6-49cd-bda6-ed95071dc934
13e83d81-fb32-4716-8e18-1c4e6f0b29c4,Todo 116,Description for Todo 116,True,e469436a-78c6-49cd-bda6-ed95071dc934
d24a96e7-1d96-42da-96b9-398606c00c98,Todo 117,Description for Todo 117,True,e469436a-78c6-49cd-bda6-ed95071dc934
7487b98d-8687-4b58-aba6-58baa5849e50,Todo 118,Description for Todo 118,True,e469436a-78c6-49cd-bda6-ed95071dc934
0faad2a8-84bf-48bc-8722-b23f813eeb43,Todo 119,Description for Todo 119,True,e469436a-78c6-49cd-bda6-ed95071dc934
56849a17-14ca-454b-95d9-f6c1dd7600cf,Todo 120,Description for Todo 120,False,e469436a-78c6-49cd-bda6-ed95071dc934
a0d37d13-4f09-42ca-a985-383414de6d9d,Todo 121,Description for Todo 121,True,e469436a-78c6-49cd-bda6-ed95071dc934
6f21905d-a23a-4543-babf-c74aabbaa202,Todo 122,Description for Todo 122,False,e469436a-78c6-49cd-bda6-ed95071dc934
a9027ae0-46fc-4fbf-a982-e1e2b036b7ed,Todo 123,Description for Todo 123,False,e469436a-78c6-49cd-bda6-ed95071dc934
702cf829-130a-4c1c-802c-221c2840010f,Todo 124,Description for Todo 124,True,e469436a-78c6-49cd-bda6-ed95071dc934
325a6383-0080-42aa-b9b0-b49dd85c0f17,Todo 125,Description for Todo 125,True,e469436a-78c6-49cd-bda6-ed95071dc934
b124c2ff-c014-4b2e-a623-15d0e2f20b42,Todo 126,Description for Todo 126,True,e469436a-78c6-49cd-bda6-ed95071dc934
063a105c-5126-4c7d-bd91-8d3b791faa96,Todo 127,Description for Todo 127,False,e469436a-78c6-49cd-bda6-ed95071dc934
686e5d08-447b-4606-8264-0e9c6b0734f4,Todo 128,Description for Todo 128,True,e469436a-78c6-49cd-bda6-ed95071dc934
7ef0d941-0199-4fe6-9397-958f204ad1c8,Todo 129,Description for Todo 129,True,e469436a-78c6-49cd-bda6-ed95071dc934
a944f981-ca21-430f-8473-84d6a10ba1d1,Todo 130,Description for Todo 130,True,e469436a-78c6-49cd-bda6-ed95071dc934
0419000b-807f-4535-a25d-56a7ca5f3987,Todo 131,Description for Todo 131,True,e469436a-78c6-49cd-bda6-ed95071dc934
61c8a63e-df1b-4d6e-9196-7ea6b8b05973,Todo 132,Description for Todo 132,False,e469436a-78c6-49cd-bda6-ed95071dc934
45df19c7-f423-4ca0-8bb7-b5d7afda295b,Todo 133,Description for Todo 133,False,e469436a-78c6-49cd-bda6-ed95071dc934
8421dbdb-0b75-48e4-ac4f-b3a23cff0400,Todo 134,Description for Todo 134,False,e469436a-78c6-49cd-bda6-ed95071dc934
322315e3-cef4-4aa2-a8d6-1be2ffafb147,Todo 135,Description for Todo 135,False,e469436a-78c6-49cd-bda6-ed95071dc934
409c7a8f-bbe3-45b1-8042-4fd18dc1587c,Todo 136,Description for Todo 136,True,e469436a-78c6-49cd-bda6-ed95071dc934
dfb4bb62-edb8-45a8-93aa-042b56150afa,Todo 137,Description for Todo 137,False,e469436a-78c6-49cd-bda6-ed95071dc934
2e458220-1e4c-47fe-b7e3-8f85c4bb6d52,Todo 138,Description for Todo 138,True,e469436a-78c6-49cd-bda6-ed95071dc934
f4bb18f4-fe06-4599-ba3b-ae959374d73d,Todo 139,Description for Todo 139,False,e469436a-78c6-49cd-bda6-ed95071dc934
88068a39-4e85-4785-891b-c30537503127,Todo 140,Description for Todo 140,True,e469436a-78c6-49cd-bda6-ed95071dc934
d1544977-02fd-4d9b-acb9-cbb940c5440e,Todo 141,Description for Todo 141,True,e469436a-78c6-49cd-bda6-ed95071dc934
74d1ba78-3629-447b-97f7-73b36f601a5a,Todo 142,Description for Todo 142,True,e469436a-78c6-49cd-bda6-ed95071dc934
18c39564-1a16-41a1-bc40-1215d598f34b,Todo 143,Description for Todo 143,True,e469436a-78c6-49cd-bda6-ed95071dc934
79a168ce-1392-481a-b426-3a32227d94fe,Todo 144,Description for Todo 144,True,e469436a-78c6-49cd-bda6-ed95071dc934
d96de9cb-a9a6-4f9d-9dfc-cd266cf557b6,Todo 145,Description for Todo 145,True,e469436a-78c6-49cd-bda6-ed95071dc934
841669de-3a4e-448d-8a79-c3263880dc89,Todo 146,Description for Todo 146,True,e469436a-78c6-49cd-bda6-ed95071dc934
906d57b5-75cd-4ae7-aa22-e10b9cd50828,Todo 147,Description for Todo 147,True,e469436a-78c6-49cd-bda6-ed95071dc934
aa7ed67c-042b-46cb-9cd4-4c154ed86d4b,Todo 148,Description for Todo 148,False,e469436a-78c6-49cd-bda6-ed95071dc934
c2b374d2-2e3d-4f17-a0e3-557395388b92,Todo 149,Description for Todo 149,True,e469436a-78c6-49cd-bda6-ed95071dc934
b86f1c7f-b3d8-45c9-ba57-fe8b622b4905,Todo 150,Description for Todo 150,False,e469436a-78c6-49cd-bda6-ed95071dc934
7abe169b-33af-4926-a261-ea505096eeaa,Todo 151,Description for Todo 151,True,e469436a-78c6-49cd-bda6-ed95071dc934
6c885768-39bf-4bcd-a1c8-a3704d4cb233,Todo 152,Description for Todo 152,False,e469436a-78c6-49cd-bda6-ed95071dc934
fedbe658-85e2-4dad-9720-a04d754671ee,Todo 153,Description for Todo 153,False,e469436a-78c6-49cd-bda6-ed95071dc934
2228401b-62c4-4d3a-9f5d-4d5e945d485a,Todo 154,Description for Todo 154,False,e469436a-78c6-49cd-bda6-ed95071dc934
bd52eea8-4cc3-41e5-9898-b502c29bd524,Todo 155,Description for Todo 155,False,e469436a-78c6-49cd-bda6-ed95071dc934
07640ba6-ad98-40e3-9eb3-fafacfc3b291,Todo 156,Description for Todo 156,True,e469436a-78c6-49cd-bda6-ed95071dc934
6b76fe42-649a-4217-9688-fa73364d3b0d,Todo 157,Description for Todo 157,True,e469436a-78c6-49cd-bda6-ed95071dc934
6e727d85-2e1a-4b91-a7a4-9e8651121c6e,Todo 158,Description for Todo 158,True,e469436a-78c6-49cd-bda6-ed95071dc934
0338709e-1d78-4f51-9371-2b98cb553472,Todo 159,Description for Todo 159,True,e469436a-78c6-49cd-bda6-ed95071dc934
a51fbe3f-43b7-4947-93b2-2379b3b336c7,Todo 160,Description for Todo 160,True,e469436a-78c6-49cd-bda6-ed95071dc934
0f1e9903-da13-4a7e-9b6d-a1047e58bf1a,Todo 161,Description for Todo 161,True,e469436a-78c6-49cd-bda6-ed95071dc934
3b90f117-62aa-4f18-8c4f-4253dd182f24,Todo 162,Description for Todo 162,False,e469436a-78c6-49cd-bda6-ed95071dc934
d698919d-0fd8-494c-908e-d64990513b65,Todo 163,Description for Todo 163,False,e469436a-78c6-49cd-bda6-ed95071dc934
7f3c6ac4-0716-4329-b136-b43b30e9b801,Todo 164,Description for Todo 164,True,e469436a-78c6-49cd-bda6-ed95071dc934
bb475759-f219-4f1b-8dd8-91de5f4a587b,Todo 165,Description for Todo 165,True,e469436a-78c6-49cd-bda6-ed95071dc934
aaca4356-e6d9-4e78-80c0-d7a1c8be805c,Todo 166,Description for Todo 166,False,e469436a-78c6-49cd-bda6-ed95071dc934
54b7b3dd-4ed1-42d4-b69e-40dd780d23e9,Todo 167,Description for Todo 167,True,e469436a-78c6-49cd-bda6-ed95071dc934
c150744f-b4b9-482a-893f-8babf0174582,Todo 168,Description for Todo 168,True,e469436a-78c6-49cd-bda6-ed95071dc934
0a7e4d8e-3f3a-4fef-8a7a-f655539f9931,Todo 169,Description for Todo 169,False,e469436a-78c6-49cd-bda6-ed95071dc934
177179a3-4f0e-44f7-82fc-4522e0db4ff6,Todo 170,Description for Todo 170,False,e469436a-78c6-49cd-bda6-ed95071dc934
3a3c7385-cabc-4a70-a5be-f9c8c1d9f722,Todo 171,Description for Todo 171,False,e469436a-78c6-49cd-bda6-ed95071dc934
cbb1ac1d-2bf8-43d5-be0b-34e21ba1ae7c,Todo 172,Description for Todo 172,True,e469436a-78c6-49cd-bda6-ed95071dc934
1e493408-4893-4ed8-981a-53cd56f16534,Todo 173,Description for Todo 173,False,e469436a-78c6-49cd-bda6-ed95071dc934
ef4788ca-6fe1-48b0-92b3-3bf61da2461d,Todo 174,Description for Todo 174,False,e469436a-78c6-49cd-bda6-ed95071dc934
a7060e05-365e-4834-bdb5-06afec00cd60,Todo 175,Description for Todo 175,True,e469436a-78c6-49cd-bda6-ed95071dc934
3ca04eae-fd1e-4768-8c82-b8b976e1ce3e,Todo 176,Description for Todo 176,False,e469436a-78c6-49cd-bda6-ed95071dc934
3fce9b3a-9c67-45b6-9494-ab2db2fd47c4,Todo 177,Description for Todo 177,False,e469436a-78c6-49cd-bda6-ed95071dc934
3cdb3024-8ea3-45b3-8800-177723294ed6,Todo 178,Description for Todo 178,True,e469436a-78c6-49cd-bda6-ed95071dc934
fcb9474a-d237-4a17-b87e-4e4387df0af3,Todo 179,Description for Todo 179,True,e469436a-78c6-49cd-bda6-ed95071dc934
2cba7557-fe63-47d0-8fff-8a527e3cf23c,Todo 180,Description for Todo 180,False,e469436a-78c6-49cd-bda6-ed95071dc934
92a356ac-d6b5-46d3-9ab6-f8545ea5efbc,Todo 181,Description for Todo 181,False,e469436a-78c6-49cd-bda6-ed95071dc934
db781661-6270-4d6c-958c-4373424ffd65,Todo 182,Description for Todo 182,True,e469436a-78c6-49cd-bda6-ed95071dc934
a89ba656-6056-43c7-95ec-9367ae1ba1cd,Todo 183,Description for Todo 183,False,e469436a-78c6-49cd-bda6-ed95071dc934
108a37fb-6cd6-4c21-b6b1-327bedc1c4e3,Todo 184,Description for Todo 184,False,e469436a-78c6-49cd-bda6-ed95071dc934
0c25dffa-f7b1-4059-b32b-06f133eed4b2,Todo 185,Description for Todo 185,False,e469436a-78c6-49cd-bda6-ed95071dc934
dfe24704-0b76-4abd-8ed6-9e2dfdbca2a4,Todo 186,Description for Todo 186,False,e469436a-78c6-49cd-bda6-ed95071dc934
48bf8992-e994-47d0-90c3-3efe17fab39f,Todo 187,Description for Todo 187,True,e469436a-78c6-49cd-bda6-ed95071dc934
2a7801bb-3565-4d2e-8ff5-a5d872ccdfbe,Todo 188,Description for Todo 188,True,e469436a-78c6-49cd-bda6-ed95071dc934
dfa225f5-7e45-4a17-9948-8ce0861aa8bd,Todo 189,Description for Todo 189,True,e469436a-78c6-49cd-bda6-ed95071dc934
a853c6b9-788a-45f1-9da0-b5e990e9dc63,Todo 190,Description for Todo 190,True,e469436a-78c6-49cd-bda6-ed95071dc934
f3577f5a-6559-4916-b488-8e0db3f39153,Todo 191,Description for Todo 191,True,e469436a-78c6-49cd-bda6-ed95071dc934
87c540d5-b8f6-498a-bf29-3d6d74bd3ced,Todo 192,Description for Todo 192,True,e469436a-78c6-49cd-bda6-ed95071dc934
8be41157-5118-4ac5-b06b-309c367a26f0,Todo 193,Description for Todo 193,False,e469436a-78c6-49cd-bda6-ed95071dc934
ce87b838-9127-419e-89d3-6ffa289d3dae,Todo 194,Description for Todo 194,False,e469436a-78c6-49cd-bda6-ed95071dc934
9b9230bb-b3ae-4bc1-9fd6-060314814314,Todo 195,Description for Todo 195,False,e469436a-78c6-49cd-bda6-ed95071dc934
c3cebeb4-a7e9-4fa9-bb86-de5480db951e,Todo 196,Description for Todo 196,False,e469436a-78c6-49cd-bda6-ed95071dc934
33b23774-f958-4564-98c4-7dc2c7d375b9,Todo 197,Description for Todo 197,True,e469436a-78c6-49cd-bda6-ed95071dc934
77da9fe1-d6ae-47f8-86d2-9bc9fc11a21f,Todo 198,Description for Todo 198,True,e469436a-78c6-49cd-bda6-ed95071dc934
c8622580-0c72-46a6-9101-9470d91da260,Todo 199,Description for Todo 199,False,e469436a-78c6-49cd-bda6-ed95071dc934
914ff2b6-2709-4675-a80a-b28b18f6fd15,Todo 200,Description for Todo 200,True,e469436a-78c6-49cd-bda6-ed95071dc934
c64f7353-c6e7-4d64-a30b-f139a46ce63c,Todo 201,Description for Todo 201,True,e469436a-78c6-49cd-bda6-ed95071dc934
23a5ed22-ea47-4be1-9ed0-7d88bb989995,Todo 202,Description for Todo 202,False,e469436a-78c6-49cd-bda6-ed95071dc934
4ef68c7c-d5fc-45c5-8caa-0be6e553e7de,Todo 203,Description for Todo 203,True,e469436a-78c6-49cd-bda6-ed95071dc934
cfa5c85a-be67-4a37-ac89-5c607cb71845,Todo 204,Description for Todo 204,False,e469436a-78c6-49cd-bda6-ed95071dc934
c9548b78-d497-44af-954b-45802be0cbb5,Todo 205,Description for Todo 205,False,e469436a-78c6-49cd-bda6-ed95071dc934
5e05e074-1bee-443a-bb17-302bc1891ebe,Todo 206,Description for Todo 206,False,e469436a-78c6-49cd-bda6-ed95071dc934
6c2233c8-5862-4a77-9b06-d76007d27227,Todo 207,Description for Todo 207,False,e469436a-78c6-49cd-bda6-ed95071dc934
e37b8b29-a65f-44bb-94fe-0337ddcb9d6a,Todo 208,Description for Todo 208,True,e469436a-78c6-49cd-bda6-ed95071dc934
4913563b-2656-4aee-a14f-3a84081877e1,Todo 209,Description for Todo 209,False,e469436a-78c6-49cd-bda6-ed95071dc934
24193478-1056-486c-800d-1c8e58f3b322,Todo 210,Description for Todo 210,True,e469436a-78c6-49cd-bda6-ed95071dc934
6cc1e7c3-588c-49ef-b8f4-4109d31c8be9,Todo 211,Description for Todo 211,True,e469436a-78c6-49cd-bda6-ed95071dc934
c907d8a4-5fb4-4443-9de7-129866be6b2d,Todo 212,Description for Todo 212,False,e469436a-78c6-49cd-bda6-ed95071dc934
1bcbc47b-768c-4e48-b848-ea7d73c65328,Todo 213,Description for Todo 213,False,e469436a-78c6-49cd-bda6-ed95071dc934
8c1085ce-ecc3-4cb9-8ef2-00d9435d95c3,Todo 214,Description for Todo 214,False,e469436a-78c6-49cd-bda6-ed95071dc934
78a1b56a-9bb3-4667-a0c5-7749dcf20c00,Todo 215,Description for Todo 215,True,e469436a-78c6-49cd-bda6-ed95071dc934
ee8c1ba3-a216-4b88-bb01-d972d32c1958,Todo 216,Description for Todo 216,True,e469436a-78c6-49cd-bda6-ed95071dc934
fa567fb4-5f59-4efe-9868-543507454e8a,Todo 217,Description for Todo 217,True,e469436a-78c6-49cd-bda6-ed95071dc934
5fca871c-e303-4ce6-b1f1-da6615f3eff1,Todo 218,Description for Todo 218,True,e469436a-78c6-49cd-bda6-ed95071dc934
fae8b5d3-bbd8-477a-9a19-092c9415a213,Todo 219,Description for Todo 219,True,e469436a-78c6-49cd-bda6-ed95071dc934
8b2b6fb5-bd28-4453-8550-7ed71b90d27b,Todo 220,Description for Todo 220,False,e469436a-78c6-49cd-bda6-ed95071dc934
63cc1414-edd5-4e79-9a99-3d09b1fb989f,Todo 221,Description for Todo 221,True,e469436a-78c6-49cd-bda6-ed95071dc934
c680d9c4-ff47-4226-adf5-ae98cd153d7f,Todo 222,Description for Todo 222,True,e469436a-78c6-49cd-bda6-ed95071dc934
11b39790-82c8-4bf8-b11a-67bbcc302fa1,Todo 223,Description for Todo 223,False,e469436a-78c6-49cd-bda6-ed95071dc934
d64eb3fe-42df-41fc-88df-8abf820bca2c,Todo 224,Description for Todo 224,True,e469436a-78c6-49cd-bda6-ed95071dc934
50bdacfa-a733-4afa-9616-229d167d82f5,Todo 225,Description for Todo 225,False,e469436a-78c6-49cd-bda6-ed95071dc934
83c132fd-1818-4832-9b23-b4f2044faf04,Todo 226,Description for Todo 226,True,e469436a-78c6-49cd-bda6-ed95071dc934
447b3235-4438-4af1-b352-5932cfb8fde5,Todo 227,Description for Todo 227,True,e469436a-78c6-49cd-bda6-ed95071dc934
633f102c-a31a-4209-a149-f7a61cde1507,Todo 228,Description for Todo 228,False,e469436a-78c6-49cd-bda6-ed95071dc934
50763d05-1996-4320-91ef-4b7423f16d9d,Todo 229,Description for Todo 229,False,e469436a-78c6-49cd-bda6-ed95071dc934
48d179cf-f243-43b0-a5f3-576e455b89c8,Todo 230,Description for Todo 230,False,e469436a-78c6-49cd-bda6-ed95071dc934
fddef74c-f89f-43af-afbd-509e1132f241,Todo 231,Description for Todo 231,False,e469436a-78c6-49cd-bda6-ed95071dc934
92e9d67d-f8f1-424b-a3ec-f685cecec0a4,Todo 232,Description for Todo 232,True,e469436a-78c6-49cd-bda6-ed95071dc934
c8d35acd-1739-4844-8bd5-4c84f46caa64,Todo 233,Description for Todo 233,True,e469436a-78c6-49cd-bda6-ed95071dc934
d204bb32-726a-44d2-8a68-093874423c4e,Todo 234,Description for Todo 234,True,e469436a-78c6-49cd-bda6-ed95071dc934
7d44567f-95b3-4945-86af-97e46f9151a4,Todo 235,Description for Todo 235,True,e469436a-78c6-49cd-bda6-ed95071dc934
e076f5ad-74d0-4f95-8e80-101439d0a034,Todo 236,Description for Todo 236,True,e469436a-78c6-49cd-bda6-ed95071dc934
1ec474b3-39ff-4052-9211-1d07fd054f0c,Todo 237,Description for Todo 237,False,e469436a-78c6-49cd-bda6-ed95071dc934
896b5f16-4ec3-4a89-ad01-2e2f6ddd6b4c,Todo 238,Description for Todo 238,True,e469436a-78c6-49cd-bda6-ed95071dc934
5fba8dd4-9300-408b-86f6-ea12f368202e,Todo 239,Description for Todo 239,False,e469436a-78c6-49cd-bda6-ed95071dc934
9ad630f6-f091-4ac8-8d71-5ed931e7603f,Todo 240,Description for Todo 240,True,e469436a-78c6-49cd-bda6-ed95071dc934
2b5d1e4b-8e76-45f9-8fad-c9dcd5f9e3b2,Todo 241,Description for Todo 241,True,e469436a-78c6-49cd-bda6-ed95071dc934
d363f78c-74d2-4236-b2fb-3b32907db6b0,Todo 242,Description for Todo 242,False,e469436a-78c6-49cd-bda6-ed95071dc934
f9bccf7d-b8ea-4c95-9af3-73e9620179f7,Todo 243,Description for Todo 243,True,e469436a-78c6-49cd-bda6-ed95071dc934
8c3ec259-56d6-46a5-8b20-a7dddc126123,Todo 244,Description for Todo 244,False,e469436a-78c6-49cd-bda6-ed95071dc934
fc06b04a-ff8e-4e12-be6c-1c97ba6e988d,Todo 245,Description for Todo 245,True,e469436a-78c6-49cd-bda6-ed95071dc934
7552a94d-48ba-4065-a758-c30e0dc90f29,Todo 246,Description for Todo 246,True,e469436a-78c6-49cd-bda6-ed95071dc934
1ebea8ea-7db8-46c2-a284-f5f2897c3f01,Todo 247,Description for Todo 247,False,e469436a-78c6-49cd-bda6-ed95071dc934
96c2a50e-6255-472d-9cdf-6b106beadd1c,Todo 248,Description for Todo 248,False,e469436a-78c6-49cd-bda6-ed95071dc934
8c8ab4cd-3f02-4f7e-82aa-1285c2b6859f,Todo 249,Description for Todo 249,True,e469436a-78c6-49cd-bda6-ed95071dc934
be8ca117-9df5-4fa2-ad96-7d7a02c310d6,Todo 250,Description for Todo 250,False,e469436a-78c6-49cd-bda6-ed95071dc934
ff4f978c-01e0-4a1a-94cc-bbeebbc1012e,Todo 251,Description for Todo 251,True,e469436a-78c6-49cd-bda6-ed95071dc934
6cec9084-dda0-4125-aca9-5352c047d8d4,Todo 252,Description for Todo 252,True,e469436a-78c6-49cd-bda6-ed95071dc934
d4d30f74-794b-4776-abc6-1038dbac3c68,Todo 253,Description for Todo 253,True,e469436a-78c6-49cd-bda6-ed95071dc934
01026c3a-dd02-4508-b5fb-08adad87805c,Todo 254,Description for Todo 254,True,e469436a-78c6-49cd-bda6-ed95071dc934
440b8a63-313b-4869-b087-59d921a803bb,Todo 255,Description for Todo 255,True,e469436a-78c6-49cd-bda6-ed95071dc934
6b4b744f-2b84-4799-a9a4-094b107a2a33,Todo 256,Description for Todo 256,False,e469436a-78c6-49cd-bda6-ed95071dc934
d2297a96-f95c-403a-b1c6-e8f1bb1c8f12,Todo 257,Description for Todo 257,True,e469436a-78c6-49cd-bda6-ed95071dc934
b349543a-072a-4b5e-9100-bab4be9bfc58,Todo 258,Description for Todo 258,True,e469436a-78c6-49cd-bda6-ed95071dc934
62d2cc0d-f3b4-43bf-8292-7806f55bc6ce,Todo 259,Description for Todo 259,True,e469436a-78c6-49cd-bda6-ed95071dc934
9d93ae15-8efa-4b38-9d2f-d4eca69452f7,Todo 260,Description for Todo 260,True,e469436a-78c6-49cd-bda6-ed95071dc934
926e9bda-f7fe-4cfb-8235-19a1671f204b,Todo 261,Description for Todo 261,False,e469436a-78c6-49cd-bda6-ed95071dc934
520a731a-563d-48ed-b0d3-ff8cf1242415,Todo 262,Description for Todo 262,False,e469436a-78c6-49cd-bda6-ed95071dc934
19c99c78-3b69-48a2-819d-877f981b2a32,Todo 263,Description for Todo 263,False,e469436a-78c6-49cd-bda6-ed95071dc934
d92b6a37-dc4a-41a9-ad63-34278e5d0d8d,Todo 264,Description for Todo 264,True,e469436a-78c6-49cd-bda6-ed95071dc934
f29169dc-5297-4f5f-bc4d-1f8d7af15b45,Todo 265,Description for Todo 265,False,e469436a-78c6-49cd-bda6-ed95071dc934
8600e162-d190-4621-abc3-b0ec3a95f22a,Todo 266,Description for Todo 266,True,e469436a-78c6-49cd-bda6-ed95071dc934
90476d13-1b33-4754-90b1-f36bf2a6c170,Todo 267,Description for Todo 267,True,e469436a-78c6-49cd-bda6-ed95071dc934
1abf249d-f0ef-4028-ae8e-fb5c81e425c4,Todo 268,Description for Todo 268,False,e469436a-78c6-49cd-bda6-ed95071dc934
d417d070-fda6-4dd5-b086-88ca0cc583b4,Todo 269,Description for Todo 269,True,e469436a-78c6-49cd-bda6-ed95071dc934
2253e781-918f-4f63-bf47-80c80a38a380,Todo 270,Description for Todo 270,True,e469436a-78c6-49cd-bda6-ed95071dc934
fabc76a4-f301-423c-a8c5-dcb5d014e3be,Todo 271,Description for Todo 271,False,e469436a-78c6-49cd-bda6-ed95071dc934
9ef076b2-8e84-4e24-9199-7a586e114127,Todo 272,Description for Todo 272,True,e469436a-78c6-49cd-bda6-ed95071dc934
ad21b5c6-03a7-40bf-9961-e5746523752c,Todo 273,Description for Todo 273,True,e469436a-78c6-49cd-bda6-ed95071dc934
09c2dc49-cf5d-40c5-8023-3d0b142848c3,Todo 274,Description for Todo 274,True,e469436a-78c6-49cd-bda6-ed95071dc934
86fec9e2-138f-431a-91e0-c665057512ae,Todo 275,Description for Todo 275,False,e469436a-78c6-49cd-bda6-ed95071dc934
4318c94c-9844-41f3-8b90-e4f9f1b63cb1,Todo 276,Description for Todo 276,False,e469436a-78c6-49cd-bda6-ed95071dc934
3f64ece0-df3a-4e4b-9174-43b55bedfc7a,Todo 277,Description for Todo 277,True,e469436a-78c6-49cd-bda6-ed95071dc934
7efda77d-8107-4b80-9c56-c74d0ed4bb12,Todo 278,Description for Todo 278,True,e469436a-78c6-49cd-bda6-ed95071dc934
02896402-279c-487f-b054-4f03f4319bc6,Todo 279,Description for Todo 279,True,e469436a-78c6-49cd-bda6-ed95071dc934
4dacfa20-8ef0-4698-91eb-7c85f2fe5bd2,Todo 280,Description for Todo 280,True,e469436a-78c6-49cd-bda6-ed95071dc934
dab35e18-cba8-4208-94ed-e19a003f45cd,Todo 281,Description for Todo 281,False,e469436a-78c6-49cd-bda6-ed95071dc934
0da01ec3-d6cd-45b3-90ac-8e17b53643aa,Todo 282,Description for Todo 282,False,e469436a-78c6-49cd-bda6-ed95071dc934
9d1a330c-7244-4a7e-ab9a-f8544d03a4dc,Todo 283,Description for Todo 283,True,e469436a-78c6-49cd-bda6-ed95071dc934
02bcd2cf-8fd7-41c0-ad2f-bb6340b3af70,Todo 284,Description for Todo 284,False,e469436a-78c6-49cd-bda6-ed95071dc934
31051207-957a-4e04-bda3-81badf5b3074,Todo 285,Description for Todo 285,True,e469436a-78c6-49cd-bda6-ed95071dc934
133803b6-9d40-4c55-86cc-e16fbeabc772,Todo 286,Description for Todo 286,True,e469436a-78c6-49cd-bda6-ed95071dc934
d75abdcd-94e4-4d14-9f7c-191f499de35b,Todo 287,Description for Todo 287,False,e469436a-78c6-49cd-bda6-ed95071dc934
35357a56-21fb-41dc-8602-c9285200ae0c,Todo 288,Description for Todo 288,True,e469436a-78c6-49cd-bda6-ed95071dc934
3e2fe381-006b-428b-90e5-32d24977cefe,Todo 289,Description for Todo 289,True,e469436a-78c6-49cd-bda6-ed95071dc934
eafd57ea-95b2-4807-a45c-adf7c053ce55,Todo 290,Description for Todo 290,True,e469436a-78c6-49cd-bda6-ed95071dc934
1a93c8ff-628c-4113-a86a-5fa636a0290d,Todo 291,Description for Todo 291,False,e469436a-78c6-49cd-bda6-ed95071dc934
3016c333-db4f-4cca-8353-79bd25b88a70,Todo 292,Description for Todo 292,True,e469436a-78c6-49cd-bda6-ed95071dc934
0717fbab-d783-4442-ae86-3e9defb35b8d,Todo 293,Description for Todo 293,True,e469436a-78c6-49cd-bda6-ed95071dc934
98ffa3d6-8197-4468-98f1-5c285637f54c,Todo 294,Description for Todo 294,False,e469436a-78c6-49cd-bda6-ed95071dc934
8981895b-e518-44bf-9ea2-bbb6b1994ae9,Todo 295,Description for Todo 295,True,e469436a-78c6-49cd-bda6-ed95071dc934
e7522b4e-8010-4161-b65d-9b0a6df056a2,Todo 296,Description for Todo 296,False,e469436a-78c6-49cd-bda6-ed95071dc934
27f1efe8-8e15-4b6e-adc6-d31080a5719f,Todo 297,Description for Todo 297,True,e469436a-78c6-49cd-bda6-ed95071dc934
86ecca34-9c9a-4024-8761-1bf57dd6aa4e,Todo 298,Description for Todo 298,True,e469436a-78c6-49cd-bda6-ed95071dc934
419c2632-062a-43d1-86cc-6a1c50709b62,Todo 299,Description for Todo 299,False,e469436a-78c6-49cd-bda6-ed95071dc934
d9ea3238-06f7-4c55-a68b-6ad914547ed8,Todo 300,Description for Todo 300,True,e469436a-78c6-49cd-bda6-ed95071dc934
0bda7b22-f10d-4433-b8af-c78a05390b99,Todo 301,Description for Todo 301,False,e469436a-78c6-49cd-bda6-ed95071dc934
d754eb51-8d9c-4735-9d54-b329e101a726,Todo 302,Description for Todo 302,True,e469436a-78c6-49cd-bda6-ed95071dc934
4af79229-8096-4584-a0a7-44ad93b99371,Todo 303,Description for Todo 303,True,e469436a-78c6-49cd-bda6-ed95071dc934
f0edc1c8-825b-41c9-ad1b-910c23e38861,Todo 304,Description for Todo 304,True,e469436a-78c6-49cd-bda6-ed95071dc934
11ba422b-99a8-45c4-8dcc-2722b1a07a77,Todo 305,Description for Todo 305,False,e469436a-78c6-49cd-bda6-ed95071dc934
a9f45026-b178-4936-8fb4-2df7fa7bfb37,Todo 306,Description for Todo 306,False,e469436a-78c6-49cd-bda6-ed95071dc934
affd0453-b4e6-4b85-9549-262398912bfc,Todo 307,Description for Todo 307,False,e469436a-78c6-49cd-bda6-ed95071dc934
aa32b1f1-e376-416b-9a99-139d8c30a74f,Todo 308,Description for Todo 308,False,e469436a-78c6-49cd-bda6-ed95071dc934
8afebf62-7c0e-415f-96b9-9b7cde2c61f1,Todo 309,Description for Todo 309,True,e469436a-78c6-49cd-bda6-ed95071dc934
42915d68-242b-4e69-8aec-f7a1d987264c,Todo 310,Description for Todo 310,False,e469436a-78c6-49cd-bda6-ed95071dc934
16aa39d3-76d3-485f-b0fd-5063c2bfd2c9,Todo 311,Description for Todo 311,False,e469436a-78c6-49cd-bda6-ed95071dc934
cac2cbfd-1129-4c4e-9790-347243f5632d,Todo 312,Description for Todo 312,True,e469436a-78c6-49cd-bda6-ed95071dc934
4f600394-fc88-478a-867a-51b4aa8d6d1c,Todo 313,Description for Todo 313,True,e469436a-78c6-49cd-bda6-ed95071dc934
e4fc5a16-5840-495b-8ac9-1159e8061863,Todo 314,Description for Todo 314,False,e469436a-78c6-49cd-bda6-ed95071dc934
5358390f-c64e-4ae9-ab85-f8e50065a8d0,Todo 315,Description for Todo 315,True,e469436a-78c6-49cd-bda6-ed95071dc934
04b79c15-526f-44c7-872e-7d535e47905f,Todo 316,Description for Todo 316,True,e469436a-78c6-49cd-bda6-ed95071dc934
ef6704a6-4dc6-4242-b508-e3d9f2db0773,Todo 317,Description for Todo 317,True,e469436a-78c6-49cd-bda6-ed95071dc934
19ad35eb-21be-492f-9bdc-b1e6b0286463,Todo 318,Description for Todo 318,False,e469436a-78c6-49cd-bda6-ed95071dc934
a966f55e-e3e7-4382-97df-79b6aba01da6,Todo 319,Description for Todo 319,True,e469436a-78c6-49cd-bda6-ed95071dc934
2503e5e3-5800-4c8b-9dbd-5bb9e0f9f2d7,Todo 320,Description for Todo 320,False,e469436a-78c6-49cd-bda6-ed95071dc934
3e11103d-aabc-4ea3-ac6e-4fd9ea3e7139,Todo 321,Description for Todo 321,True,e469436a-78c6-49cd-bda6-ed95071dc934
8f586bed-2486-4319-b140-2e8baafc6e9a,Todo 322,Description for Todo 322,True,e469436a-78c6-49cd-bda6-ed95071dc934
d451cd74-e111-4787-8d98-ad8fbacf9505,Todo 323,Description for Todo 323,True,e469436a-78c6-49cd-bda6-ed95071dc934
bd026859-71fe-482b-a1ae-083f51f2b4c8,Todo 324,Description for Todo 324,False,e469436a-78c6-49cd-bda6-ed95071dc934
f392df04-77b5-459b-921b-1762722dc458,Todo 325,Description for Todo 325,True,e469436a-78c6-49cd-bda6-ed95071dc934
90eda128-97b7-45df-a044-f82799180c79,Todo 326,Description for Todo 326,True,e469436a-78c6-49cd-bda6-ed95071dc934
dd906091-9886-4f26-8c06-a4c780609f56,Todo 327,Description for Todo 327,False,e469436a-78c6-49cd-bda6-ed95071dc934
641e4f2f-1669-4f11-bca7-8fb3fad855cf,Todo 328,Description for Todo 328,True,e469436a-78c6-49cd-bda6-ed95071dc934
25e52c0f-f286-47d1-84ca-5f53b05bbfc0,Todo 329,Description for Todo 329,False,e469436a-78c6-49cd-bda6-ed95071dc934
29b78bd9-a858-41a2-97d2-c99c1b9171b9,Todo 330,Description for Todo 330,False,e469436a-78c6-49cd-bda6-ed95071dc934
8e081bd5-113c-4b74-b174-97c176770f95,Todo 331,Description for Todo 331,False,e469436a-78c6-49cd-bda6-ed95071dc934
f81eec83-269c-41b7-af2b-4380da4ae9dc,Todo 332,Description for Todo 332,True,e469436a-78c6-49cd-bda6-ed95071dc934
65bafcee-e439-4ec4-8ebc-895708709af5,Todo 333,Description for Todo 333,True,e469436a-78c6-49cd-bda6-ed95071dc934
c5c18a1e-b51f-4d19-842e-94a0c744bdc6,Todo 334,Description for Todo 334,True,e469436a-78c6-49cd-bda6-ed95071dc934
7b15679d-5d57-45c9-9a3f-814ce61e051c,Todo 335,Description for Todo 335,True,e469436a-78c6-49cd-bda6-ed95071dc934
31259f78-7947-4cb4-97be-fb6a4f6f38cc,Todo 336,Description for Todo 336,False,e469436a-78c6-49cd-bda6-ed95071dc934
8b42a0b7-4fe2-4eab-9467-d8388448ca6d,Todo 337,Description for Todo 337,True,e469436a-78c6-49cd-bda6-ed95071dc934
683c2469-7cd7-405c-9871-ef95deffdef3,Todo 338,Description for Todo 338,True,e469436a-78c6-49cd-bda6-ed95071dc934
3ca5b4c5-2bdf-4dc9-87dc-6b42ab1cc3af,Todo 339,Description for Todo 339,True,e469436a-78c6-49cd-bda6-ed95071dc934
fe74e3bf-47a6-42c5-b852-2288da8b73cb,Todo 340,Description for Todo 340,True,e469436a-78c6-49cd-bda6-ed95071dc934
59e45368-1da5-4c43-9da9-4716e02ce6eb,Todo 341,Description for Todo 341,True,e469436a-78c6-49cd-bda6-ed95071dc934
7e51959b-294b-4527-b936-8954d18bdd1e,Todo 342,Description for Todo 342,True,e469436a-78c6-49cd-bda6-ed95071dc934
6d5b2146-1e00-446e-9cee-cfc41a6e4a07,Todo 343,Description for Todo 343,True,e469436a-78c6-49cd-bda6-ed95071dc934
cc0a68d4-cc6f-4a42-be43-236dc710464e,Todo 344,Description for Todo 344,False,e469436a-78c6-49cd-bda6-ed95071dc934
8712bbd0-104d-4251-9d9d-80023de8ec82,Todo 345,Description for Todo 345,False,e469436a-78c6-49cd-bda6-ed95071dc934
99c72759-9d46-4424-8196-0b7ef7a266d0,Todo 346,Description for Todo 346,False,e469436a-78c6-49cd-bda6-ed95071dc934
0467d0b9-84ac-48f0-9b1b-7c8700fcf398,Todo 347,Description for Todo 347,True,e469436a-78c6-49cd-bda6-ed95071dc934
3f02d198-24db-4823-b7c8-5feae2bc3cf8,Todo 348,Description for Todo 348,True,e469436a-78c6-49cd-bda6-ed95071dc934
5ca2c983-8b18-4aff-a3cc-7d82b13c0f06,Todo 349,Description for Todo 349,True,e469436a-78c6-49cd-bda6-ed95071dc934
6de8e7ac-e02e-47fd-9492-8062ed0a98bb,Todo 350,Description for Todo 350,False,e469436a-78c6-49cd-bda6-ed95071dc934
2e24c516-5816-475a-be18-23afe75f1cc4,Todo 351,Description for Todo 351,True,e469436a-78c6-49cd-bda6-ed95071dc934
1a52befd-9f3d-4179-9519-7f43e7cc4d35,Todo 352,Description for Todo 352,True,e469436a-78c6-49cd-bda6-ed95071dc934
ddcc3251-3527-4c25-993d-4a87062cde03,Todo 353,Description for Todo 353,True,e469436a-78c6-49cd-bda6-ed95071dc934
9458a9f3-8e4e-486f-b138-e1c19d272c4e,Todo 354,Description for Todo 354,True,e469436a-78c6-49cd-bda6-ed95071dc934
0411251a-cb8e-46ce-a4d2-92220391b2a2,Todo 355,Description for Todo 355,True,e469436a-78c6-49cd-bda6-ed95071dc934
36cd3a33-2a8b-4a5c-b630-4cfda68cf090,Todo 356,Description for Todo 356,False,e469436a-78c6-49cd-bda6-ed95071dc934
d828db31-a4c4-4ae2-a6f0-ad11e75e0811,Todo 357,Description for Todo 357,True,e469436a-78c6-49cd-bda6-ed95071dc934
7ae3c2ce-2e08-42dc-bb75-d819e25f496e,Todo 358,Description for Todo 358,True,e469436a-78c6-49cd-bda6-ed95071dc934
536d7925-cd64-44ab-97a3-a91000929258,Todo 359,Description for Todo 359,False,e469436a-78c6-49cd-bda6-ed95071dc934
a04e7abe-9271-482d-9d01-ff58425eea34,Todo 360,Description for Todo 360,False,e469436a-78c6-49cd-bda6-ed95071dc934
e46ae9c7-722e-4382-993b-3ddecc10737d,Todo 361,Description for Todo 361,True,e469436a-78c6-49cd-bda6-ed95071dc934
5dec48ea-4c89-4cdf-b4ce-7f86800fdb0d,Todo 362,Description for Todo 362,False,e469436a-78c6-49cd-bda6-ed95071dc934
6ba529f2-1aae-4897-bebb-7c1c7104bad6,Todo 363,Description for Todo 363,True,e469436a-78c6-49cd-bda6-ed95071dc934
456cdc18-c07e-4ae5-8f22-326810ef21fe,Todo 364,Description for Todo 364,True,e469436a-78c6-49cd-bda6-ed95071dc934
62efc88e-1e63-4eca-9ccc-17234bbf26b8,Todo 365,Description for Todo 365,True,e469436a-78c6-49cd-bda6-ed95071dc934
0201e804-6937-4553-95e8-23b3e8a9bde0,Todo 366,Description for Todo 366,False,e469436a-78c6-49cd-bda6-ed95071dc934
3853c480-8f15-4140-a837-8077f86acbc7,Todo 367,Description for Todo 367,True,e469436a-78c6-49cd-bda6-ed95071dc934
8d1e58c3-976a-45f7-b608-da0ede75655e,Todo 368,Description for Todo 368,False,e469436a-78c6-49cd-bda6-ed95071dc934
9c61983a-6113-4a53-8a76-660ca4708786,Todo 369,Description for Todo 369,True,e469436a-78c6-49cd-bda6-ed95071dc934
e1ba90ab-c903-4354-8842-6bdbb3e9673a,Todo 370,Description for Todo 370,False,e469436a-78c6-49cd-bda6-ed95071dc934
779f849a-25bd-4890-8d43-b8bafdda3f21,Todo 371,Description for Todo 371,True,e469436a-78c6-49cd-bda6-ed95071dc934
800f686a-b815-44ec-9956-66a94db85e91,Todo 372,Description for Todo 372,True,e469436a-78c6-49cd-bda6-ed95071dc934
3750579a-0d23-4962-80e8-be5db2271beb,Todo 373,Description for Todo 373,True,e469436a-78c6-49cd-bda6-ed95071dc934
ae1e76ae-751d-4d85-ae5f-67ed508ccb60,Todo 374,Description for Todo 374,True,e469436a-78c6-49cd-bda6-ed95071dc934
c0a9a50c-35ef-4db4-b650-86442085a500,Todo 375,Description for Todo 375,False,e469436a-78c6-49cd-bda6-ed95071dc934
f2d18884-7fc8-4ed0-83d9-9eb21ec7d562,Todo 376,Description for Todo 376,True,e469436a-78c6-49cd-bda6-ed95071dc934
4bed6426-b510-4eae-a412-fe0a0dbae36e,Todo 377,Description for Todo 377,False,e469436a-78c6-49cd-bda6-ed95071dc934
388525a1-fa0c-4cb4-ac27-ae5e1b60a971,Todo 378,Description for Todo 378,True,e469436a-78c6-49cd-bda6-ed95071dc934
5480ed89-ede1-4bb9-9752-528697b507da,Todo 379,Description for Todo 379,True,e469436a-78c6-49cd-bda6-ed95071dc934
6e245ee4-951e-4dd0-bd8f-02aacb4743a1,Todo 380,Description for Todo 380,True,e469436a-78c6-49cd-bda6-ed95071dc934
50bcfb42-0e8c-4a46-a5d6-df7ad69965f0,Todo 381,Description for Todo 381,False,e469436a-78c6-49cd-bda6-ed95071dc934
2fda42e0-268c-4cc3-b79f-26196d748b77,Todo 382,Description for Todo 382,True,e469436a-78c6-49cd-bda6-ed95071dc934
7000357e-c4fb-470c-83df-80c53eab9d08,Todo 383,Description for Todo 383,True,e469436a-78c6-49cd-bda6-ed95071dc934
38c363e7-6462-426c-bcb4-c1291a94d94b,Todo 384,Description for Todo 384,False,e469436a-78c6-49cd-bda6-ed95071dc934
02c269af-4c5e-48f0-86bc-27ac2c193334,Todo 385,Description for Todo 385,True,e469436a-78c6-49cd-bda6-ed95071dc934
29a6dec7-b506-45b1-bbf9-9a53beb04ec3,Todo 386,Description for Todo 386,True,e469436a-78c6-49cd-bda6-ed95071dc934
7c9d07fd-c62b-42c3-bc8b-af01be2f6aa4,Todo 387,Description for Todo 387,False,e469436a-78c6-49cd-bda6-ed95071dc934
3dba1824-7b6e-40b1-9eb4-a12f039ad8c7,Todo 388,Description for Todo 388,True,e469436a-78c6-49cd-bda6-ed95071dc934
e5e8e1e2-884b-4963-bb78-31ceab2e1fec,Todo 389,Description for Todo 389,True,e469436a-78c6-49cd-bda6-ed95071dc934
b914c13b-6b50-4ed6-86cd-ce2b0ca674d2,Todo 390,Description for Todo 390,False,e469436a-78c6-49cd-bda6-ed95071dc934
3ebbfe12-f06e-45b7-acc3-3dfd80800bb5,Todo 391,Description for Todo 391,False,e469436a-78c6-49cd-bda6-ed95071dc934
422b6540-254a-45ef-a090-baf65f0bae0e,Todo 392,Description for Todo 392,True,e469436a-78c6-49cd-bda6-ed95071dc934
1126b26a-2da5-47c9-997a-3c8e71fab1a4,Todo 393,Description for Todo 393,False,e469436a-78c6-49cd-bda6-ed95071dc934
0f623df3-80f8-433f-992e-1e7a5ff4cece,Todo 394,Description for Todo 394,True,e469436a-78c6-49cd-bda6-ed95071dc934
d247e175-fa33-4a03-a5bc-fe8d186c562e,Todo 395,Description for Todo 395,False,e469436a-78c6-49cd-bda6-ed95071dc934
76bf3cb1-f05b-4730-a599-c7570f220de3,Todo 396,Description for Todo 396,True,e469436a-78c6-49cd-bda6-ed95071dc934
6242188a-9725-4d18-bab6-331185113860,Todo 397,Description for Todo 397,False,e469436a-78c6-49cd-bda6-ed95071dc934
8149ba26-4c1a-4a67-b8b4-ca670aa012fe,Todo 398,Description for Todo 398,False,e469436a-78c6-49cd-bda6-ed95071dc934
6b5149d8-cbfc-40fd-8688-72fd6f8c7e90,Todo 399,Description for Todo 399,False,e469436a-78c6-49cd-bda6-ed95071dc934
d5167862-80c1-49a1-a18a-dc855f5caf3c,Todo 400,Description for Todo 400,True,e469436a-78c6-49cd-bda6-ed95071dc934
a2f68842-46b6-4703-9a77-f4b9cc628706,Todo 401,Description for Todo 401,False,e469436a-78c6-49cd-bda6-ed95071dc934
629c7609-2f6b-4be8-97bc-86a6b5f2142c,Todo 402,Description for Todo 402,True,e469436a-78c6-49cd-bda6-ed95071dc934
02fbade4-98a1-4996-9e6d-a6a03df5f69d,Todo 403,Description for Todo 403,True,e469436a-78c6-49cd-bda6-ed95071dc934
f396d41e-31ba-4963-9dfb-bbee3ff93fb8,Todo 404,Description for Todo 404,True,e469436a-78c6-49cd-bda6-ed95071dc934
a3f3bd49-d098-451d-9811-c4179801e5c6,Todo 405,Description for Todo 405,True,e469436a-78c6-49cd-bda6-ed95071dc934
4148f7f4-d716-4d18-ab69-f3cd7a44ac8c,Todo 406,Description for Todo 406,True,e469436a-78c6-49cd-bda6-ed95071dc934
4ac8f1f4-1bc2-4585-ae16-33954f528959,Todo 407,Description for Todo 407,True,e469436a-78c6-49cd-bda6-ed95071dc934
86563997-15f5-405e-9523-4ade4eef45a0,Todo 408,Description for Todo 408,False,e469436a-78c6-49cd-bda6-ed95071dc934
aa819fe1-2ae7-45b4-b288-614d3980dd0a,Todo 409,Description for Todo 409,True,e469436a-78c6-49cd-bda6-ed95071dc934
69a91cba-4a87-4cba-b203-0c20b4592eeb,Todo 410,Description for Todo 410,True,e469436a-78c6-49cd-bda6-ed95071dc934
e778b7dd-f9e9-4453-a12f-1df9e0bd6a87,Todo 411,Description for Todo 411,True,e469436a-78c6-49cd-bda6-ed95071dc934
c890ef45-1df3-4aea-8e27-c955d25986e4,Todo 412,Description for Todo 412,True,e469436a-78c6-49cd-bda6-ed95071dc934
39fb6aad-47e9-4de3-9120-bf284d8facf7,Todo 413,Description for Todo 413,True,e469436a-78c6-49cd-bda6-ed95071dc934
fbaa3b95-55e4-4583-9a6e-025e6c632b68,Todo 414,Description for Todo 414,False,e469436a-78c6-49cd-bda6-ed95071dc934
e14e9268-3f9e-41e2-b89f-ae1d65bc1ca0,Todo 415,Description for Todo 415,True,e469436a-78c6-49cd-bda6-ed95071dc934
1eb6cde8-2964-45b1-afd7-c69864088f3e,Todo 416,Description for Todo 416,False,e469436a-78c6-49cd-bda6-ed95071dc934
8575b5bc-51f8-4e1e-831b-1d50683d9442,Todo 417,Description for Todo 417,False,e469436a-78c6-49cd-bda6-ed95071dc934
c8a3dfc8-44b8-45fa-937e-19478649c6fa,Todo 418,Description for Todo 418,True,e469436a-78c6-49cd-bda6-ed95071dc934
50935165-8756-4cf6-be3a-69e44087d2ab,Todo 419,Description for Todo 419,False,e469436a-78c6-49cd-bda6-ed95071dc934
0045f951-924a-4a0f-bf6c-bdd6d0fe34f7,Todo 420,Description for Todo 420,True,e469436a-78c6-49cd-bda6-ed95071dc934
c0fd255f-ed0e-4921-a6d8-8b60c37ca5cb,Todo 421,Description for Todo 421,False,e469436a-78c6-49cd-bda6-ed95071dc934
cc300b7b-07df-4369-9377-f523fa52df37,Todo 422,Description for Todo 422,True,e469436a-78c6-49cd-bda6-ed95071dc934
469f10ce-9916-441a-9ee4-c057cbad2337,Todo 423,Description for Todo 423,False,e469436a-78c6-49cd-bda6-ed95071dc934
bbbe34ed-8b97-43ff-9afb-73412353b0d4,Todo 424,Description for Todo 424,False,e469436a-78c6-49cd-bda6-ed95071dc934
d073fe6a-3ff1-482e-994c-e897613bc2a3,Todo 425,Description for Todo 425,True,e469436a-78c6-49cd-bda6-ed95071dc934
f6bf8fa9-f7e2-40e6-9f1a-d2ca6cc24fa3,Todo 426,Description for Todo 426,True,e469436a-78c6-49cd-bda6-ed95071dc934
d56c44a0-c331-40aa-882a-497144aa3309,Todo 427,Description for Todo 427,False,e469436a-78c6-49cd-bda6-ed95071dc934
6befd52a-a1eb-4ce0-aba0-a1bb2f0189e6,Todo 428,Description for Todo 428,True,e469436a-78c6-49cd-bda6-ed95071dc934
295ea84f-40c7-4230-821a-3159ef83b494,Todo 429,Description for Todo 429,True,e469436a-78c6-49cd-bda6-ed95071dc934
52b1a881-4e1b-435e-a450-f8d4fe753ddd,Todo 430,Description for Todo 430,False,e469436a-78c6-49cd-bda6-ed95071dc934
173b8dde-dcdd-401f-aaeb-f0c48be56a68,Todo 431,Description for Todo 431,True,e469436a-78c6-49cd-bda6-ed95071dc934
df954dfd-e5c9-471c-93ce-236666e66078,Todo 432,Description for Todo 432,False,e469436a-78c6-49cd-bda6-ed95071dc934
5df9c6ec-cbe9-42b5-8f88-c3bfdd7357d2,Todo 433,Description for Todo 433,True,e469436a-78c6-49cd-bda6-ed95071dc934
f5b68b67-bd70-4d06-ba0d-dee54f83eddd,Todo 434,Description for Todo 434,True,e469436a-78c6-49cd-bda6-ed95071dc934
2db7bd4f-ae91-429e-ae17-acac791b676f,Todo 435,Description for Todo 435,True,e469436a-78c6-49cd-bda6-ed95071dc934
4e0f9c69-cf35-43f0-a193-ad78a45ac5b0,Todo 436,Description for Todo 436,True,e469436a-78c6-49cd-bda6-ed95071dc934
f40ee424-f57b-4e43-aee6-bcc2cec90c3d,Todo 437,Description for Todo 437,True,e469436a-78c6-49cd-bda6-ed95071dc934
d39d9a15-941e-46a8-ba42-eaa3aa7d7349,Todo 438,Description for Todo 438,False,e469436a-78c6-49cd-bda6-ed95071dc934
783daa5e-93f3-4e53-bd45-6eb5f122720c,Todo 439,Description for Todo 439,False,e469436a-78c6-49cd-bda6-ed95071dc934
5e31753e-30cc-43dc-8a7d-5a8aaa36740d,Todo 440,Description for Todo 440,True,e469436a-78c6-49cd-bda6-ed95071dc934
606b67c6-4c61-4e5a-a93c-ca5fd9a68740,Todo 441,Description for Todo 441,False,e469436a-78c6-49cd-bda6-ed95071dc934
59e9f94a-30de-44d1-b098-964f25fe594c,Todo 442,Description for Todo 442,True,e469436a-78c6-49cd-bda6-ed95071dc934
06422d19-c3a1-40a8-999e-57586d4a7b1f,Todo 443,Description for Todo 443,True,e469436a-78c6-49cd-bda6-ed95071dc934
e5c2f928-9c43-4c48-a9ef-b187b4985cf1,Todo 444,Description for Todo 444,False,e469436a-78c6-49cd-bda6-ed95071dc934
80ab91fa-26ed-43a2-ad1a-f361a9204a72,Todo 445,Description for Todo 445,False,e469436a-78c6-49cd-bda6-ed95071dc934
aedb54ed-26bd-484c-935a-e4b126581432,Todo 446,Description for Todo 446,False,e469436a-78c6-49cd-bda6-ed95071dc934
0f516cb0-8e4d-4505-93fe-712a8c79b1af,Todo 447,Description for Todo 447,True,e469436a-78c6-49cd-bda6-ed95071dc934
c0d019a6-a3b7-4865-aaf9-153b85170474,Todo 448,Description for Todo 448,False,e469436a-78c6-49cd-bda6-ed95071dc934
acc05bc2-97c2-4cab-ab5d-94609a0bc924,Todo 449,Description for Todo 449,True,e469436a-78c6-49cd-bda6-ed95071dc934
06474207-a8d7-46ae-a798-09a37cc34a13,Todo 450,Description for Todo 450,False,e469436a-78c6-49cd-bda6-ed95071dc934
0ee9ba90-b57f-4250-a8c5-e2165947e325,Todo 451,Description for Todo 451,False,e469436a-78c6-49cd-bda6-ed95071dc934
96ce17a4-f1ad-40f5-b5d2-b1447dbbaddd,Todo 452,Description for Todo 452,False,e469436a-78c6-49cd-bda6-ed95071dc934
b6d5741d-2fb8-4fc5-afef-4d887b3b1509,Todo 453,Description for Todo 453,True,e469436a-78c6-49cd-bda6-ed95071dc934
94573491-d89a-471c-8ef5-b09fb4969c39,Todo 454,Description for Todo 454,True,e469436a-78c6-49cd-bda6-ed95071dc934
9607adcd-3978-4ffe-9c7d-60915b852e3a,Todo 455,Description for Todo 455,True,e469436a-78c6-49cd-bda6-ed95071dc934
95fbecfa-2144-4d44-8f00-b6cab444aed5,Todo 456,Description for Todo 456,True,e469436a-78c6-49cd-bda6-ed95071dc934
c44a855d-262a-43ea-9e7e-174bc409419d,Todo 457,Description for Todo 457,True,e469436a-78c6-49cd-bda6-ed95071dc934
09e83b41-4fde-43a5-bbab-af7b4ba87623,Todo 458,Description for Todo 458,True,e469436a-78c6-49cd-bda6-ed95071dc934
29e896e1-5e70-4f4a-8a3e-9c09c17b9bec,Todo 459,Description for Todo 459,False,e469436a-78c6-49cd-bda6-ed95071dc934
1ca8441d-d225-4979-adf1-3e16ff009ce1,Todo 460,Description for Todo 460,True,e469436a-78c6-49cd-bda6-ed95071dc934
886be9f1-3861-4e04-ab49-e64f35ca0741,Todo 461,Description for Todo 461,True,e469436a-78c6-49cd-bda6-ed95071dc934
e3612029-c500-42b2-9e06-6382efecd253,Todo 462,Description for Todo 462,False,e469436a-78c6-49cd-bda6-ed95071dc934
4a900b98-d687-4b57-bc66-2255d0bdc9a6,Todo 463,Description for Todo 463,True,e469436a-78c6-49cd-bda6-ed95071dc934
dadef175-cd5e-43a7-8fcf-f5901578ac58,Todo 464,Description for Todo 464,False,e469436a-78c6-49cd-bda6-ed95071dc934
1060adb7-745c-494b-b610-d1ca6377c75c,Todo 465,Description for Todo 465,False,e469436a-78c6-49cd-bda6-ed95071dc934
1124a67e-bdb0-448e-b183-1051bcce2306,Todo 466,Description for Todo 466,True,e469436a-78c6-49cd-bda6-ed95071dc934
67ae812c-6809-468e-8f65-fc06136c6bdf,Todo 467,Description for Todo 467,False,e469436a-78c6-49cd-bda6-ed95071dc934
b8299d0d-5c60-40fd-be71-7d0f003612ec,Todo 468,Description for Todo 468,True,e469436a-78c6-49cd-bda6-ed95071dc934
1e3382da-cc0f-42d2-908b-f836ce6ec178,Todo 469,Description for Todo 469,True,e469436a-78c6-49cd-bda6-ed95071dc934
16963777-5013-470f-82ac-4a33a2a8bc33,Todo 470,Description for Todo 470,True,e469436a-78c6-49cd-bda6-ed95071dc934
4e74e28e-bedd-4610-b135-4017d837ca10,Todo 471,Description for Todo 471,False,e469436a-78c6-49cd-bda6-ed95071dc934
6d986654-d505-46e8-abab-cb2e04b7d847,Todo 472,Description for Todo 472,True,e469436a-78c6-49cd-bda6-ed95071dc934
6a7e747b-2541-4f0f-963e-d6127671dcd7,Todo 473,Description for Todo 473,False,e469436a-78c6-49cd-bda6-ed95071dc934
9d398ed0-ddc4-430d-81a0-3bfb21e3b134,Todo 474,Description for Todo 474,False,e469436a-78c6-49cd-bda6-ed95071dc934
9796b492-add9-4ab1-9678-55301070f4cf,Todo 475,Description for Todo 475,False,e469436a-78c6-49cd-bda6-ed95071dc934
1d5d108e-33e3-402b-8cf6-92044fedb3bf,Todo 476,Description for Todo 476,True,e469436a-78c6-49cd-bda6-ed95071dc934
25eb5cc9-7c7e-43f3-93a4-ffab4499175a,Todo 477,Description for Todo 477,False,e469436a-78c6-49cd-bda6-ed95071dc934
bda2c294-c5c0-4f9c-8b51-0b9b4480e15c,Todo 478,Description for Todo 478,True,e469436a-78c6-49cd-bda6-ed95071dc934
d637e37f-495e-4cd1-8cb6-ff1520880649,Todo 479,Description for Todo 479,False,e469436a-78c6-49cd-bda6-ed95071dc934
fd60d125-e562-4f73-b274-c1ef140a282a,Todo 480,Description for Todo 480,True,e469436a-78c6-49cd-bda6-ed95071dc934
e1b487cd-1b97-418e-9bda-ba23699cc02e,Todo 481,Description for Todo 481,True,e469436a-78c6-49cd-bda6-ed95071dc934
be54e62a-22dc-40f1-a267-d4ce28476ed6,Todo 482,Description for Todo 482,True,e469436a-78c6-49cd-bda6-ed95071dc934
30a8b002-9241-4bfc-b61d-190fd7a67e5d,Todo 483,Description for Todo 483,True,e469436a-78c6-49cd-bda6-ed95071dc934
f9b63295-d740-4beb-a978-562050a06f13,Todo 484,Description for Todo 484,False,e469436a-78c6-49cd-bda6-ed95071dc934
78398d0d-3ea8-4cf5-a9c7-4cbb372993f4,Todo 485,Description for Todo 485,False,e469436a-78c6-49cd-bda6-ed95071dc934
fd6bf0ab-e47d-412a-b30f-d14067fc4940,Todo 486,Description for Todo 486,True,e469436a-78c6-49cd-bda6-ed95071dc934
977a0857-be22-4c3d-9b25-e35ee6ee281a,Todo 487,Description for Todo 487,True,e469436a-78c6-49cd-bda6-ed95071dc934
71d2a33e-87aa-45ee-957d-c8aece49b445,Todo 488,Description for Todo 488,False,e469436a-78c6-49cd-bda6-ed95071dc934
c3f5ffa7-2f01-41c2-9e4c-ef3068b8aa86,Todo 489,Description for Todo 489,True,e469436a-78c6-49cd-bda6-ed95071dc934
16cf00e3-baf1-402f-b317-ed1413dc7037,Todo 490,Description for Todo 490,True,e469436a-78c6-49cd-bda6-ed95071dc934
d07b2275-b5ba-4650-8252-b64d4865c786,Todo 491,Description for Todo 491,False,e469436a-78c6-49cd-bda6-ed95071dc934
c5472793-099c-42a9-905f-155204d5ab4a,Todo 492,Description for Todo 492,False,e469436a-78c6-49cd-bda6-ed95071dc934
f72fd9b6-b74d-45ed-920b-58465877d50f,Todo 493,Description for Todo 493,True,e469436a-78c6-49cd-bda6-ed95071dc934
e0fb3967-381e-4ea8-8abc-35a5767a5ac5,Todo 494,Description for Todo 494,False,e469436a-78c6-49cd-bda6-ed95071dc934
6757133a-f2bd-4953-b57e-12ad10359061,Todo 495,Description for Todo 495,True,e469436a-78c6-49cd-bda6-ed95071dc934
dca969b8-6648-4277-85b0-3a68dc57d578,Todo 496,Description for Todo 496,False,e469436a-78c6-49cd-bda6-ed95071dc934
9a00ab8c-d2c1-4cdd-bb1e-2a8fef8d817d,Todo 497,Description for Todo 497,True,e469436a-78c6-49cd-bda6-ed95071dc934
76d48848-d00b-4f31-8464-7b3599dc26dc,Todo 498,Description for Todo 498,False,e469436a-78c6-49cd-bda6-ed95071dc934
e2fdecac-d569-46f7-ba6c-fe53ceccdfdc,Todo 499,Description for Todo 499,False,e469436a-78c6-49cd-bda6-ed95071dc934
e028d922-b23c-4c19-a381-3c94ca0e666b,Todo 500,Description for Todo 500,False,e469436a-78c6-49cd-bda6-ed95071dc934
